{
  "burger": 84,
  "cheeseburger": 67,
  "chicken burger": 73,
  "veggie burger": 40,
  "fries": 91,
  "onion rings": 30,
  "pizza": 86,
  "pepperoni pizza": 61,
  "margherita pizza": 50,
  "bbq chicken pizza": 47,
  "fried chicken": 75,
  "chicken nuggets": 82,
  "hot dog": 55,
  "tacos": 60,
  "burrito": 53,
  "nachos": 41,
  "sandwich": 65,
  "club sandwich": 50,
  "sub sandwich": 45,
  "milkshake": 70,
  "cola": 86,
  "soft drink": 60,
  "ice cream": 55,
  "chicken wings": 65,
  "popcorn chicken": 50,
  "fish and chips": 45,
  "corn dog": 35,
  "pretzel": 26,
  "fried shrimp": 40
}